delivery_id,order_id,delivery_person,delivery_status,distance,delivery_time,estimated_time,delivery_fee,vehicle_type
ef603a26-fda8-49dc-8107-07644fa36fbb,151,Raagini Buch,Delivered,1.9,81,86,125,Car
58e25415-5b39-44cf-a1c0-76d639498859,152,Mohammed Behl,Delivered,10.7,104,109,149,Car
42dbe25f-5d0f-4c3d-bf61-c064cdeee32d,153,Jasmit Malhotra,Cancelled,2.7,67,72,97,Bicycle
a287c888-bcab-4676-8265-3396e2fb951c,154,Jai Chanda,Cancelled,4.2,67,72,53,Car
8f80ef19-6add-4645-918c-eaa6d8842bfe,155,Bhavani Saxena,Cancelled,4.4,56,61,115,Motorcycle
edf9caa1-fdd0-4189-8977-0e20b1d22a80,156,Chasmum Grewal,Pending,4.6,87,92,110,Motorcycle
07b5ac2d-efd9-4b00-8f0b-94cc140d3935,157,Upadhriti Borra,Delivered,6.9,98,103,106,Bicycle
33242022-6967-4bf7-970f-891edf77d99b,158,Ekantika Setty,Delivered,8.0,50,55,68,Motorcycle
ab01fd92-cbaa-4419-82db-0980d86b4fef,159,Upadhriti Aggarwal,Delivered,3.1,52,57,55,Motorcycle
a739664c-b095-4d78-b90e-2c137e5f9506,160,Xavier Joshi,Pending,10.2,74,79,140,Car
9ff69968-a0c7-4650-8f41-fe73238ae099,161,Aarnav Toor,Delivered,4.7,101,106,97,Car
d75dda82-5f3a-4ff6-9355-49fa2446d299,162,David Sahni,Pending,7.4,45,50,102,Motorcycle
431f495e-5a7b-4793-a0c9-d12de3aea916,163,Oviya Sridhar,Pending,8.2,74,79,134,Bicycle
ca6983df-a056-4030-96ce-88a301650d9b,164,Geetika Ram,Pending,11.3,71,76,150,Bicycle
592646df-4a30-47d0-913a-757aa01a4bd2,165,Udarsh Wali,Cancelled,9.7,48,53,71,Motorcycle
6579fd97-6f6f-4fa6-b385-a6dc322c8a78,166,Deepa Chander,Delivered,5.2,49,54,144,Motorcycle
3739c2ef-2e26-420e-8382-5d0127368d09,167,Nitara Dhingra,Delivered,2.1,114,119,85,Motorcycle
60443579-5cfd-4191-9868-2429a5e10411,168,Samarth Kumer,Cancelled,10.7,65,70,133,Motorcycle
c6bba42a-8886-4376-9803-7dbd6b533e31,169,Daksha Murthy,Cancelled,11.7,70,75,124,Motorcycle
c36a365b-311c-42f1-a428-269ded641c9c,170,Banjeet Sidhu,Pending,1.4,79,84,107,Car
45eec55c-cf2b-4c21-9c50-84d9d48ae784,171,Oliver Pant,Cancelled,10.5,67,72,146,Car
54a80294-7623-4f03-a8cb-81fec53419e9,172,Ishaan Bhavsar,Pending,6.0,119,124,112,Car
0f860523-c9d5-47fe-b35e-735847439e14,173,Andrew Kaul,Cancelled,7.7,91,96,71,Bicycle
39d540f5-0410-445a-9b40-112dbfc2b463,174,Reva Nadkarni,Pending,10.8,102,107,118,Motorcycle
35c2700c-f720-460f-a6ff-4d25bdef7ea8,175,Onkar Lala,Pending,2.2,114,119,133,Bicycle
a3233480-5ce4-4e8c-871c-d35bc9017c7d,176,Sai Saha,Pending,10.3,87,92,55,Motorcycle
20b159bd-3256-42a5-9aab-74fa33ee7335,177,Chaaya Patla,Pending,7.5,68,73,88,Car
f39fb4f9-77ca-4943-b1ed-0a6b7c53a037,178,Chakradhar Bandi,Cancelled,10.2,113,118,111,Car
86ba6bcc-0f4b-4592-ae3a-44e4d35f8287,179,Onkar Kulkarni,Cancelled,2.3,40,45,135,Car
d046a9a1-7f16-4126-852f-100aee436ca5,180,Udyati Boase,Pending,7.2,60,65,81,Car
9acbc850-752a-4148-a860-9eddcf9f4365,181,Nitara Chowdhury,Cancelled,2.9,100,105,84,Motorcycle
9f9028e2-eaa3-448b-ac42-c0e07c944353,182,Frederick Jaggi,Delivered,1.9,76,81,111,Motorcycle
1c7f1eef-24ce-406d-a2e2-ee58a8f4077b,183,Vihaan Nagar,Cancelled,1.0,84,89,66,Bicycle
bdc974d7-7382-493d-98a0-67a2a02e1a67,184,Chasmum Randhawa,Cancelled,8.5,51,56,74,Bicycle
e4dd71cf-d0f0-4bb8-922d-7fe77b700151,185,Yadavi Boase,Cancelled,7.4,96,101,142,Motorcycle
4d501503-98f4-4c24-a288-fbbd318bfda4,186,Hemang Naik,Delivered,5.5,56,61,95,Motorcycle
c3fb4385-5138-4af6-b2db-c06759b0f135,187,Nachiket Loke,Delivered,4.6,110,115,148,Motorcycle
37054ff9-6928-4e3a-b6f4-4f88c49dafa1,188,Madhavi Barad,Cancelled,7.1,86,91,69,Motorcycle
15227275-6911-4bb7-a94c-59ad427706b7,189,Balveer Choudhary,Cancelled,3.0,73,78,80,Car
ef55ab25-d381-4b42-a07b-19f525d5bca7,190,Arjun Nori,Pending,9.5,96,101,127,Motorcycle
0f9c3e28-0e5c-4a5d-88ba-e8dcde736f68,191,Yahvi Barad,Pending,11.0,111,116,71,Car
54536146-b9a9-4493-b6c6-49deacc980aa,192,Pooja Ganesh,Delivered,7.1,107,112,54,Motorcycle
58893ce4-c744-4a2e-b094-4ee88366b860,193,Divya Nagy,Delivered,4.5,109,114,67,Bicycle
38d0527c-d315-4156-9d3a-73ef0d70fe7e,194,Ranbir Contractor,Cancelled,7.7,56,61,137,Motorcycle
94bdc302-fc4a-4768-bf57-88acc8cd37a9,195,Xiti Sabharwal,Pending,7.8,92,97,107,Car
165fd5ff-9630-4e42-92b9-4907324a051a,196,Balvan Deep,Pending,5.5,75,80,74,Motorcycle
c52bd14f-50eb-4606-9ad7-58808a079bc1,197,Nihal Vora,Cancelled,2.8,72,77,132,Car
98f7dbc9-6078-4523-b76e-8674c2767f17,198,Joshua Munshi,Pending,8.1,49,54,103,Motorcycle
fd1c9913-7514-4415-9879-a312599abc54,199,Banjeet Gole,Pending,10.4,47,52,56,Motorcycle
9ac67c59-124e-4941-bb18-42e00664a592,200,Jatin Vig,Pending,5.7,104,109,107,Car
034ee7f0-2ede-4bcf-be65-a3fe535281f7,201,Ekta Choudhury,Cancelled,9.7,90,95,88,Motorcycle
9da35bd1-6ab2-4cb4-84db-47eaa6c8f10d,202,Ayush Lalla,Cancelled,8.9,44,49,113,Bicycle
52e2db13-9add-492b-83ce-11bb66edb6cf,203,Raghav Zacharia,Delivered,7.2,93,98,105,Motorcycle
5f04c800-a804-4a79-af49-3cb2081fcb5f,204,Anthony Dua,Pending,8.9,57,62,105,Motorcycle
d33b7d9c-9875-44d3-aa15-4509c723cd57,205,Oni Balasubramanian,Cancelled,2.2,97,102,128,Bicycle
15180e37-ff4b-45c5-b6d9-c9c7a90d0b1a,206,Xiti Karan,Cancelled,8.2,93,98,90,Motorcycle
da1ba358-8767-448b-b72f-83b0fbefcf39,207,Kabir Pathak,Cancelled,5.7,49,54,133,Car
e70d009f-9cb2-4a50-9a71-a9a02fa43159,208,Balendra Sachar,Pending,10.1,83,88,65,Car
2529b38b-6d98-401a-b93b-14038d8f0734,209,Fariq Patil,Delivered,3.3,75,80,92,Bicycle
d16ae1d1-458a-4308-afea-f17c5c3f75e7,210,Agastya Sha,Cancelled,7.1,53,58,116,Motorcycle
417bc43e-57df-45ec-bcd3-2f238d465559,211,Vedant Kala,Cancelled,5.0,73,78,89,Motorcycle
14e9eed5-2a47-4fad-92cd-d71b38fed1d9,212,Odika Brar,Pending,8.5,93,98,93,Bicycle
65acb8f7-8db9-4d95-836f-93b5d921e720,213,Eshana Korpal,Cancelled,2.8,46,51,109,Car
9b667fee-afaf-4699-bea4-4fbb0726c727,214,Sarthak Atwal,Cancelled,1.4,105,110,79,Car
960d5d7d-0ce6-4b6d-bacb-db538cae8ad3,215,Lila Sankaran,Pending,4.9,104,109,119,Motorcycle
1fa52e71-ff1a-401f-bb72-55b0534ef944,216,Onveer Dhillon,Cancelled,7.2,106,111,111,Car
df01ef0f-7afe-4d14-8108-1f07e633f825,217,Abdul Mammen,Cancelled,2.4,120,125,65,Bicycle
2c230d9f-98df-4c43-ab0c-39159e26e5f4,218,Max Bhatia,Cancelled,4.7,62,67,97,Bicycle
f8a55d3e-eadd-4bd0-8233-b0f39e48e878,219,Tamanna Sama,Cancelled,9.8,72,77,74,Bicycle
a905bcba-1d29-493d-bbb2-52df3d1f8252,220,Anjali Khatri,Delivered,8.2,75,80,134,Bicycle
e4f13a78-0208-4b80-948e-df5f39a6bd61,221,Chatura Dhar,Delivered,7.6,47,52,118,Motorcycle
1e4bb8cf-3acb-4049-92b5-9c2608dbbe96,222,Chandresh Ramesh,Delivered,8.4,106,111,126,Car
09702703-9fd9-480a-baa5-54642be749fa,223,Chanakya Gupta,Cancelled,9.0,114,119,57,Car
ffe0e51e-b85a-4fa8-9cf1-ef5d9a08a61f,224,Quincy Pillay,Delivered,7.2,114,119,147,Motorcycle
385f41ad-4558-400c-b211-3a2a9fcb3f37,225,Frederick Subramanian,Cancelled,6.6,110,115,147,Car
050bbafa-dd27-4257-a5ef-5d1cf6e5b890,226,Fariq Chand,Pending,11.6,64,69,93,Car
af3e09eb-0ee8-4eef-8f59-31df94eb2e1b,227,Charita Guha,Delivered,3.2,56,61,91,Motorcycle
078c2931-5bf2-4ddf-8219-fcbe17095176,228,Teerth Khanna,Cancelled,6.1,113,118,53,Bicycle
cfeb5af1-4809-4a57-b98d-e8e1db0a7c46,229,Urvashi Manne,Pending,5.2,120,125,79,Bicycle
22939f02-1dde-4afc-9638-704b837c781f,230,Imaran Bora,Delivered,8.9,106,111,148,Motorcycle
30c6c689-8ec8-4781-a334-366bb4526289,231,Gaurang Dubey,Delivered,1.4,62,67,56,Car
2303abfe-10e1-4226-b5be-77f8c98ecdf3,232,Krisha Sampath,Delivered,11.0,41,46,66,Bicycle
cf8512fa-070d-497c-aabc-4edbc7891140,233,Rajeshri Taneja,Pending,7.6,113,118,131,Motorcycle
2ce5dacd-203f-408b-9d32-2903b9290f71,234,Darpan Warrior,Cancelled,11.8,64,69,111,Car
f261bf95-5422-4c9a-852f-16ec88c923e7,235,Daksh Jayaraman,Pending,7.7,75,80,93,Motorcycle
6b59d0ab-1985-43ea-a64a-27e164a7b868,236,Zashil Handa,Pending,7.8,80,85,112,Car
fa2bf613-d312-4e07-9f93-297831f479a3,237,Bhavani Malhotra,Pending,1.4,66,71,144,Bicycle
e0114f32-4ffa-4cc4-a963-c50244ff7bde,238,Abeer Ghose,Pending,3.8,90,95,87,Bicycle
02bbfb2b-ec5d-446f-abcd-c5dea68adb02,239,Ekapad Kant,Pending,2.9,65,70,98,Motorcycle
2db689dc-7eef-43ff-bd52-3256012ad521,240,Naveen Hayre,Pending,5.4,56,61,148,Bicycle
16c99547-ae71-4e4a-b9b6-d6128b2d6b78,241,Vasana Patla,Delivered,11.1,117,122,75,Car
3f90da92-d462-4c6e-b6fc-a65b6d60baef,242,Jatin Nayak,Pending,5.6,112,117,128,Bicycle
262bd151-789f-46a6-9f73-7b51862c1df4,243,Niharika Kapur,Cancelled,1.9,87,92,133,Car
5bdcb0ff-235c-4d7c-8fbd-632cd2079e18,244,Harita Handa,Delivered,4.6,93,98,72,Bicycle
2c565766-3abb-40b6-ab3b-5f0f89032302,245,Peter Gara,Pending,8.9,79,84,56,Bicycle
41d0fda3-2317-4b36-804f-3cfde08cc51f,246,Nitara Baria,Pending,3.2,108,113,100,Car
749f49cc-07a6-4fb1-b401-e65501d3a93e,247,Indira Hegde,Delivered,10.1,72,77,98,Car
6412256c-5f47-43f8-b4c5-53749ac3596c,248,Harsh Shan,Pending,11.3,119,124,54,Car
723fbb54-5453-489d-a2a5-aa3f7c3375fe,249,Hemang Chhabra,Delivered,6.0,47,52,91,Motorcycle
bfb8dcef-421a-4ff3-9284-b1a6213918b8,250,Azaan Ratti,Cancelled,3.0,96,101,90,Bicycle
09a2c6d8-1941-41f2-a72e-3b5fc0ce6f62,251,Hitesh Iyer,Delivered,10.8,56,61,98,Car
c01b2858-38a1-41ec-87b0-3ab2f4ec4303,252,Hemang Korpal,Pending,4.7,76,81,149,Car
c6fa8fe3-fddf-40fd-bbc1-189458bddd55,253,Balhaar Dhaliwal,Pending,4.7,104,109,70,Motorcycle
7df91012-f917-47e9-b761-f506bcb4b546,254,Nisha Kale,Pending,1.4,103,108,73,Motorcycle
918bd4f5-d154-4cc8-9a27-94b0a5386055,255,David Ramaswamy,Delivered,4.2,104,109,72,Motorcycle
bbd092ca-9f80-4145-92d5-058f2210d672,256,Niharika Keer,Pending,4.6,100,105,51,Bicycle
c7f0f89c-da0f-491e-861b-d5c4f768800e,257,Farhan Kant,Pending,9.0,120,125,85,Bicycle
9f2ce1a4-772d-431b-bf6a-16e03c7195ac,258,Vyanjana Dash,Delivered,7.2,78,83,137,Car
3e352384-978b-4260-b11f-8af0890ce8cb,259,Aarna Dass,Cancelled,5.4,46,51,70,Bicycle
2ba68377-5a3e-4ab8-b412-66866bcd0c5c,260,Dakshesh Bajaj,Pending,2.7,84,89,106,Car
62bbb0b8-8897-4ff4-aa0f-be3b478a969e,261,Chanchal Kakar,Delivered,6.7,104,109,138,Car
fa22a4b6-8749-40a4-b1e2-3699897b027d,262,Forum Wason,Pending,10.4,82,87,147,Motorcycle
03d71213-7719-4cd8-9e99-a91d34a7e1ed,263,Laban Khalsa,Cancelled,11.0,108,113,119,Car
c66a6e17-04bb-4bcd-8517-6ca54a075e19,264,Kritika Jain,Cancelled,4.5,61,66,148,Bicycle
5acb8de6-cc16-4c6f-bc18-57a873309b2a,265,Tanay Seth,Delivered,11.3,100,105,79,Car
106089a7-4dec-4e8e-bd9d-f0de8ee7e1ab,266,Chakrika Rana,Delivered,9.8,68,73,95,Motorcycle
2ee6a693-4d6d-465d-84be-18e067b5d1c7,267,Aryan Mishra,Delivered,8.7,115,120,87,Bicycle
97dd40dc-9805-46d7-8369-f4f902e8766d,268,Elijah Jani,Cancelled,4.8,120,125,105,Bicycle
9a2dd406-baab-4073-a061-e10cf8ae1179,269,Utkarsh Koshy,Cancelled,4.8,63,68,62,Motorcycle
01c090dd-76f6-431c-a9de-3670edfe364f,270,Faris Bhatnagar,Pending,3.5,69,74,51,Bicycle
d567564a-1ad7-4e04-8d75-cdc862cc2ebd,271,Watika Mall,Cancelled,2.2,76,81,111,Bicycle
af9084d8-ba08-4a02-9eb5-3c559e780c91,272,Umang Dave,Cancelled,3.9,89,94,53,Bicycle
905d0982-bf06-453c-ae16-c3a4f6a9f140,273,Qasim Raj,Pending,5.6,40,45,89,Bicycle
c577a0b0-09c6-4b20-868e-7250d0a945a3,274,Manan Mital,Pending,8.3,56,61,83,Bicycle
5bc40661-3b7c-48db-ab51-180ae5834180,275,Kalpit Viswanathan,Pending,9.9,81,86,92,Motorcycle
79eb68fd-7155-4a72-a282-746ce7229cd3,276,Divya Mann,Cancelled,11.9,104,109,77,Car
1a8bb228-25e2-447c-9486-e10c6963bf5f,277,Eshana Ray,Delivered,9.2,109,114,58,Motorcycle
92fff789-28aa-4d43-8814-69274aaa3dab,278,Aadhya Kalla,Pending,4.3,113,118,126,Motorcycle
2871a16d-27fd-4097-8712-4fb5e4d7aa3b,279,Gaurika Hari,Delivered,7.2,50,55,76,Motorcycle
9be74b41-f5d1-4f77-b580-e19bf7d1a5af,280,Alexander Hayer,Cancelled,5.4,46,51,54,Bicycle
b7404add-639e-4ff4-83bd-3162624429f9,281,Lakshmi Shetty,Pending,5.0,50,55,122,Motorcycle
d159d516-0269-429c-a41b-96785925fe52,282,Mohammed Ghose,Pending,9.8,43,48,107,Bicycle
ad0af05d-8839-4ecf-a97d-47f8bbdc337d,283,Umang Trivedi,Cancelled,1.3,72,77,69,Motorcycle
61851316-f452-47b6-895b-0be876e30c7c,284,Panini Goel,Pending,7.7,76,81,73,Motorcycle
6b9f5439-2d45-4c7b-9bfb-b5a21cf1db7d,285,Kamala Dey,Delivered,11.7,99,104,79,Motorcycle
34f8b416-c26d-4169-a0b5-00cd21840ff3,286,Hema Purohit,Pending,9.9,105,110,109,Bicycle
3e7222ae-99eb-41e1-9713-a5182c86ead0,287,Nimrat Bandi,Delivered,5.7,96,101,80,Car
72cfae04-3353-4efc-a563-abf07bf1a17c,288,Lajita Nagar,Cancelled,4.8,67,72,56,Motorcycle
6affe4d7-5832-4d0c-aef1-eafc45bb9ff7,289,Zilmil Tailor,Cancelled,5.8,92,97,142,Bicycle
813e2543-a55a-4674-ba05-63925a101e51,290,Manya Dhingra,Cancelled,10.2,78,83,120,Motorcycle
6b5d9ed2-d866-4520-ade5-33abcd1de2db,291,Brinda Lata,Pending,10.6,98,103,100,Motorcycle
871ded93-1d42-475a-8cf7-b8a79ac23e06,292,Sathvik Ravel,Delivered,11.3,108,113,53,Car
22a11847-7e1e-4940-aa42-b1fbba4165f3,293,Rehaan Dash,Delivered,2.1,74,79,103,Motorcycle
760975fb-0c12-4c0c-abcc-ab5c3d2c5b62,294,Libni Handa,Delivered,2.1,78,83,60,Car
b397a14f-589f-4eed-b20e-43c20d58e9b9,295,Tristan Dugar,Pending,3.2,107,112,52,Bicycle
407f48c0-9b5c-42f8-b3f0-b4dd43920538,296,Lipika Chawla,Pending,8.6,78,83,87,Bicycle
bf1b409b-24ba-45d6-986c-77c28c220bb9,297,Anjali Dass,Pending,7.5,118,123,101,Car
7353432b-251a-4b78-8812-7239fa89ff0f,298,Anusha Kulkarni,Pending,9.2,76,81,108,Motorcycle
73b69c71-f476-4027-98cd-c9d251e71c52,299,Aayush Mishra,Pending,8.8,84,89,99,Motorcycle
e321c949-1846-4a70-8d83-4ef9cb4774e2,300,Nakul Deo,Pending,6.9,72,77,70,Car
7fd09bf4-41c9-4972-a9c7-b3c5b5ced10e,301,Ojas Konda,Pending,3.8,84,89,57,Car
af82ed1a-1536-48a3-be5c-691c494de0dd,302,Neel Narang,Pending,9.4,61,66,122,Bicycle
abb69745-1309-43a3-b887-234999f38927,303,Hardik Gaba,Pending,6.4,56,61,107,Car
2e53a026-dd6f-4287-bcea-20062dfdc26d,304,Vrishti Srinivasan,Pending,11.0,82,87,130,Motorcycle
21763eec-a9d3-4347-8b0e-f04858600b5e,305,Saumya Date,Cancelled,11.4,56,61,96,Car
350646ee-3d33-4942-bb81-79817a2f2734,306,Yashica Nadkarni,Delivered,4.7,75,80,69,Bicycle
7ab5d1c4-0136-41ca-af25-3f302717b4e4,307,Lakshmi Sule,Pending,10.7,78,83,131,Car
223c40a6-db97-4a60-8f92-f9e171b8a9c7,308,Qasim Dhaliwal,Delivered,9.4,53,58,54,Car
290eb1a6-f7a1-4b67-9f9e-b2808c8f4816,309,Samuel Kumar,Pending,6.2,98,103,71,Bicycle
c2f3aac8-3604-4ba1-8c91-f338899a845d,310,Qasim Master,Delivered,10.2,52,57,146,Car
8f69bdd8-b357-4f99-bff4-86850cca97bd,311,Ucchal Behl,Delivered,7.8,92,97,78,Motorcycle
b32126cc-20d6-4f9f-ada9-b3205cd85526,312,Girindra Doshi,Pending,5.0,69,74,97,Motorcycle
2c604def-3e02-4df9-9641-4df4cd7fcbc9,313,Anika Borra,Delivered,9.8,104,109,109,Bicycle
fdb04b58-f246-43ef-bc6c-e046d33f79e1,314,Daniel Mistry,Delivered,11.2,51,56,94,Car
a0f8f238-7381-4001-b77d-791d36b09f4e,315,Reyansh Suri,Pending,8.7,74,79,61,Motorcycle
d95b1d85-e80e-404f-997a-552611e2c142,316,Balveer Subramanian,Cancelled,8.0,99,104,133,Motorcycle
2b8761e7-57cb-46f2-95d5-c7c7d5a55457,317,Qasim Kothari,Cancelled,6.8,97,102,68,Car
4561d440-54bd-4247-9a02-4856e540ece7,318,Yashica Sant,Cancelled,8.9,112,117,83,Car
bd614d84-8b1b-4d4d-a766-2dc3dbe10bce,319,Vyanjana Bhagat,Pending,9.6,102,107,71,Car
f3f218b8-1d49-4944-8853-490612f233bd,320,Ishanvi Balay,Delivered,10.6,75,80,58,Car
dbd39fb2-78ef-486b-9937-db8deb549b53,321,Zarna Thaman,Cancelled,5.8,69,74,66,Bicycle
bc514e3c-b8ef-4628-b297-147163a3d764,322,Yashawini Bawa,Delivered,4.0,107,112,136,Car
03934f9b-ae1b-41e0-a94b-7d2e33d34bd2,323,Lohit Dhawan,Delivered,9.0,71,76,95,Motorcycle
53a25be7-782b-4c94-9e88-b2d7fe104fa4,324,Rajeshri Rout,Pending,7.8,69,74,136,Motorcycle
71521dcc-0175-4af3-8b07-dd2c86da689c,325,Zaitra Sarraf,Pending,7.8,90,95,74,Bicycle
7a2da3ce-c32d-4548-a2b9-fcff4481e6b3,326,Maanas Khanna,Delivered,8.9,42,47,86,Bicycle
d8e797c0-c041-4e52-ae56-bd03bd827f1c,327,Niharika Vig,Delivered,2.9,70,75,75,Car
dd99a92a-89ea-4eca-8b3d-6b010500114b,328,Chavvi Oza,Pending,5.9,89,94,133,Bicycle
ba68f345-af0a-4e22-b9f5-d46928395a6a,329,Lipika Bhatia,Delivered,4.5,42,47,63,Car
3c8901f9-38e0-4e64-9616-967286542c5c,330,Pahal Issac,Delivered,1.0,57,62,82,Motorcycle
47ddba36-4b49-4704-8c52-05935d48864e,331,Christopher Rajagopal,Pending,2.7,85,90,93,Car
fde05791-bae0-47e2-85dc-31fcb64b2bc6,332,Amruta Keer,Cancelled,7.1,43,48,146,Car
da915bc5-f9cb-4b22-973e-5baa8d5086dc,333,Ekavir Minhas,Delivered,3.4,87,92,69,Bicycle
f7e779ba-7863-4733-91b6-0483309d05cc,334,Ishaan Dara,Pending,2.0,77,82,107,Motorcycle
684c5ca5-16f9-4bfa-b028-276813584042,335,Pranit Nagarajan,Cancelled,7.6,106,111,123,Bicycle
f2a11ee6-403f-4bef-ba5f-00ced8a9e11b,336,Zilmil Prakash,Delivered,11.2,120,125,67,Bicycle
ba6908f9-3aad-480d-be2d-b94224eeaf84,337,Benjamin Bava,Delivered,6.4,40,45,70,Motorcycle
d209e805-86e1-44af-af5e-99b74aa50467,338,Krishna Mandal,Cancelled,8.4,40,45,139,Car
1fcd6f00-02a2-4468-9f57-e77c437df356,339,Eshana Kunda,Pending,2.8,116,121,150,Car
54726af6-ba9c-43a0-9b98-3b7c8a77a2b3,340,Praneel Wali,Delivered,6.9,80,85,146,Bicycle
313ed2ab-006c-46a5-b21e-ffbb32af5132,341,Ekbal Nazareth,Pending,11.3,89,94,70,Bicycle
862fd13b-de03-4c25-b672-6aac14cd1c25,342,Azaan Kaur,Cancelled,3.9,82,87,133,Car
a677b85b-f164-4757-b6cf-133e32415cfb,343,Balhaar Dar,Cancelled,5.2,63,68,88,Bicycle
64c5fe24-6138-4862-8cdb-6bdcb480accd,344,Reva Vora,Delivered,6.6,54,59,54,Motorcycle
e6a706f8-1c37-46ec-af5d-0dea88e3973c,345,Mekhala Rajagopal,Cancelled,6.2,50,55,110,Bicycle
2d72f0dc-0a53-46c4-8ac8-0ef490e91041,346,Jeremiah Tripathi,Delivered,5.2,62,67,86,Motorcycle
2587eb84-3098-4778-87d0-033bb57876db,347,Harini Palla,Cancelled,6.6,114,119,128,Car
82797a7b-dd32-42ac-acec-2ed791e397b1,348,Vrishti Ramachandran,Pending,9.6,89,94,55,Bicycle
b4df08ca-100e-42f9-aa75-37601e47b6c0,349,Michael Gara,Cancelled,3.3,62,67,64,Motorcycle
50466236-95ec-48bf-80ae-2831109f2509,350,Yuvraj Dutt,Cancelled,3.7,51,56,91,Bicycle
c608693e-22a5-4905-a743-a3cf43152725,351,Kala Yadav,Pending,11.0,120,125,93,Motorcycle
4790eb63-d6b9-493f-af23-f2a8323a40e3,352,Kritika Sagar,Cancelled,7.2,117,122,59,Bicycle
413b73d1-160e-40c0-b17d-d34277fd2ead,353,Ekbal Sunder,Pending,3.6,78,83,147,Car
35a254be-eab0-48a0-9fde-f6d6c5cfff49,354,Anirudh Mandal,Cancelled,10.0,109,114,122,Car
660e9b44-c51e-4d89-91f8-7101a07e250b,355,Janani Dutta,Cancelled,7.3,71,76,64,Motorcycle
952ee19c-0e9f-466f-a52d-7c04a343fb19,356,Anmol Sandhu,Pending,7.2,106,111,126,Motorcycle
3496fc36-5094-4eec-a033-624af5152615,357,Yashica Pillai,Cancelled,2.6,66,71,104,Car
05dcbe97-b231-43fd-9d67-5099adc40a0f,358,Sai Mander,Pending,9.1,48,53,147,Car
736b6540-0e38-4b9f-b21d-074e535a0638,359,Lucky Lal,Delivered,8.3,45,50,100,Bicycle
ed63d207-c94a-4e2b-b879-02dcf2fa430e,360,Advik Sura,Delivered,11.5,60,65,105,Car
8bbc5673-7b30-4748-bd29-d3f222b9b119,361,Girish Rajan,Pending,6.3,76,81,76,Motorcycle
70d32fb4-c38b-44e5-bff3-32645dd1205e,362,Chandran Goel,Pending,7.4,57,62,139,Bicycle
09779cb9-3a88-458d-9a54-36e2d8fc57aa,363,George Oza,Cancelled,8.3,117,122,75,Bicycle
d3dac1ba-afff-4c88-8322-45b7cb014580,364,Gautami Bassi,Delivered,8.7,41,46,57,Bicycle
1b3beb58-de93-49c4-93b1-18eced48a742,365,Ekiya Gandhi,Cancelled,9.8,104,109,124,Motorcycle
57ddea4a-188e-4c82-8f54-ee87e28acc18,366,Inaya Gade,Delivered,5.6,56,61,130,Motorcycle
dabd1fe5-72d9-43bc-b08a-d69f15c55fc4,367,Divya Seth,Delivered,2.0,71,76,145,Motorcycle
27bc2007-f361-4ec4-abc5-5ae8a9fb4d3c,368,Krishna Sur,Cancelled,6.5,92,97,127,Motorcycle
e035f99a-4582-4858-8eec-2d837c5c6449,369,Vasana Thaker,Delivered,7.8,52,57,92,Car
0146515e-9cc3-4bde-a1a1-b58586c66bb4,370,Gaurika Chahal,Delivered,10.8,113,118,103,Car
2aade74a-5a98-48aa-88c4-ea290596e2de,371,Priya Sarkar,Delivered,10.1,92,97,85,Car
598488b3-3703-4aa9-877f-bb781293d755,372,Gaurav Shanker,Pending,4.6,93,98,122,Car
e5d4554e-a271-495e-885d-2821475f325e,373,Charles Rege,Pending,5.1,120,125,82,Motorcycle
3fae00d5-964c-49f6-b247-b71eecda38dd,374,Pooja Raman,Pending,4.5,73,78,58,Car
64ec9ad7-d8c4-4cbe-b84e-d16d7010de77,375,Aachal Jhaveri,Cancelled,7.9,85,90,74,Car
6aabc64d-da54-4253-8886-5f9cde6ebcf4,376,Aarna Patla,Cancelled,4.8,103,108,142,Bicycle
2a9e676f-0c15-4205-8c2c-3a5e5b88b98f,377,George Ramanathan,Pending,7.4,103,108,145,Bicycle
b753155e-5c53-4569-9fd3-298f4b1296db,378,Yashawini Pandit,Pending,5.4,90,95,136,Bicycle
2d6070ef-b63d-4fab-a85d-85dc0e602307,379,Chandran Buch,Cancelled,11.2,55,60,54,Motorcycle
93135a69-04c9-4407-9f11-74c728ad2a49,380,Brijesh Ganguly,Pending,6.3,47,52,70,Motorcycle
4f48d753-e9a8-4da5-a5be-039686c83375,381,Arjun Deshmukh,Delivered,5.5,43,48,87,Motorcycle
293e14cc-3294-461f-81a1-63b619bfffff,382,Fariq Sekhon,Cancelled,3.8,53,58,111,Bicycle
bbcd04b7-63fe-4b3f-87bf-b0fce774e452,383,Abeer Vohra,Pending,4.7,42,47,139,Motorcycle
cf74c11d-8d92-41bc-8ff9-00009e5affab,384,Robert Mallick,Cancelled,7.9,119,124,144,Bicycle
1275ce8b-6965-4bc9-98ae-1534a881c671,385,Rachit Krishnamurthy,Pending,4.3,73,78,67,Bicycle
eea88be9-169d-498c-9958-709b477da9c8,386,Jack Grover,Pending,5.8,109,114,141,Car
4b8f4662-38a4-4129-8c1c-428e1646ae84,387,Raksha Ben,Delivered,2.9,69,74,139,Car
e87f3285-5f6e-4899-94a7-31d079f96690,388,Rudra Krishnamurthy,Pending,1.3,106,111,123,Motorcycle
e4c2f47e-f787-4aea-9ae8-24b804cecf41,389,Anthony Sani,Pending,5.3,46,51,112,Bicycle
c3cbc96c-ff29-491c-be73-9b0210f7d088,390,William Dhar,Delivered,10.9,96,101,53,Car
387ec5bf-9d12-4fcd-be34-9ae7ae96d412,391,Dalaja Murty,Pending,6.2,110,115,77,Car
775582b7-a657-4131-82ca-b6709344816d,392,Anirudh Garde,Delivered,10.9,109,114,72,Car
85bef055-5610-4e81-a17a-ce357c0ac321,393,Ubika Shenoy,Delivered,11.9,104,109,106,Bicycle
15e3c299-5016-4a77-98d0-c00aef316eb3,394,Jagrati Mitra,Cancelled,7.2,107,112,63,Bicycle
d07c3dfb-f764-459b-bcc8-557b0dc1b076,395,Logan Dora,Delivered,1.0,49,54,57,Car
14fad2f3-1ee9-46b0-82ee-f1147d122c47,396,Sneha Rau,Pending,4.5,81,86,50,Car
2f3b9806-f6f3-4ebd-958a-facb18c25372,397,Tristan Om,Cancelled,10.7,47,52,59,Bicycle
dd4278b2-eaab-4cc1-816a-979b36e94677,398,Inaya Toor,Pending,3.3,86,91,70,Motorcycle
0d4896f5-b824-4500-b8a6-89add9f5b570,399,Nisha Prabhakar,Pending,2.5,84,89,100,Car
145e4d59-3ee3-438f-9a71-ad02b29f9e83,400,Eiravati Wali,Delivered,3.4,113,118,122,Motorcycle
